title,location,contract,date,apply_url
Senior Python Developer,"Stewartbury, AA",2021-04-08,2021-04-08,https://realpython.github.io/fake-jobs/jobs/senior-python-developer-0.html
Software Engineer (Python),"Ericberg, AE",2021-04-08,2021-04-08,https://realpython.github.io/fake-jobs/jobs/software-engineer-python-10.html
Python Programmer (Entry-Level),"Port Sara, AE",2021-04-08,2021-04-08,https://realpython.github.io/fake-jobs/jobs/python-programmer-entry-level-20.html
Python Programmer (Entry-Level),"West Victor, AE",2021-04-08,2021-04-08,https://realpython.github.io/fake-jobs/jobs/python-programmer-entry-level-30.html
Software Developer (Python),"Brockburgh, AE",2021-04-08,2021-04-08,https://realpython.github.io/fake-jobs/jobs/software-developer-python-40.html
Python Developer,"East Michaelfort, AA",2021-04-08,2021-04-08,https://realpython.github.io/fake-jobs/jobs/python-developer-50.html
"Back-End Web Developer (Python, Django)","South Kimberly, AA",2021-04-08,2021-04-08,https://realpython.github.io/fake-jobs/jobs/back-end-web-developer-python-django-60.html
"Back-End Web Developer (Python, Django)","New Elizabethside, AA",2021-04-08,2021-04-08,https://realpython.github.io/fake-jobs/jobs/back-end-web-developer-python-django-70.html
Python Programmer (Entry-Level),"Robertborough, AP",2021-04-08,2021-04-08,https://realpython.github.io/fake-jobs/jobs/python-programmer-entry-level-80.html
Software Developer (Python),"Martinezburgh, AE",2021-04-08,2021-04-08,https://realpython.github.io/fake-jobs/jobs/software-developer-python-90.html
